english_word,nepali_translation

abandon,"छोड्नु, त्याग्नु"
ability,"क्षमता"
able,"सक्नु"
accept,"अपनाउनु, स्विकार गर्नु"
accomplish,"पुर्ण गर्नु, पुरा गर्नु"
according,"अनुसार, बमोजिम, माफिक"
account-book,"श्रेस्ता, बही"
acknowledge,"मान्नु, स्विकार गर्नु, प्राप्ति, सुचना दिनु"
act,"कार्य, काम / (Law: ऐन)"
actions,"कार्बाही, काम कार्य, नालिश"
activities,"चहलपहल, हलचल"
add,"जोडनु, थप्नु"
addition,"जोड, थप"
adjust,"मिलाउनु"
administration,"ब्यबस्था, प्र्शासन"
admit,"मान्नु, भर्नाहुनु, स्बिकार गर्नु"
admit in,"भर्ना गर्नु"
advance,"पेश्की, बैना"
advantage,"लाभ, फाईदा"
adversary,"बिरोधी"
advertisement,"बिज्ञापन"
advice,"सल्लाह"
advise,"सल्लाह दिनु"
aerogram,"हवाईपत्र"
afternoon,"दिउसो"
agree,"मान्नु"
agreement,"मेल, सहमत"
agriculture,"क्रिषि"
aim,"लक्ष्य, उदेश्य"
air,"हावा"
airplane,"हवाईजहाज"
alcohol,"रकसी"
allocate,"तोक्नु, स्थापन गर्नु"
amaze,"आश्चर्य लाग्नु, अचम्म मान्नु"
ambassador,"राजदुत"
amendment,"संशोधन"
amount,"रकम, जम्मा, स्पष्टि"
animal,"पशु, जन्तु, जनावर"
animal husbandry,"पशु पालन"
answer,"जबाफ, उत्तर"
anthropology,"मानव शाब, शास्व, नरदेह बिज्ञान, न्रीबिज्ञान"
apartment,"डेरा"
appearance,"रुप, आकार, अनुहार"
apple,"स्याउ"
appoint,"खटाउनु, तोक्नु, नियुक्ति गर्नु"
approval,"अनुमति, अनुमोदन, स्वीक्रित"
arch,"गुमज"
archway,"गुमज"
area,"इलाका, क्षेत्र"
arena,"अखडा, कार्य क्षेत्र, रड्णभुमी"
argument,"बिबाद, बहस"
army,"सेना, सैनिक"
arrange,"थमलाउनु, ऐठक ठाक पार्नु"
arrangement,"बन्दोब्स्त, ब्यब्स्था, प्र्बन्ध"
arrive,"आईपुग्नु, आगमन"
ash,"खरानी"
ask,"सोध्नु, माग्नु"
assembly,"सभा, जन समुदाय"
assistance,"सघाई, सहायता, सहयोग"
assistant,"सहायक, सहयोगी"
assume,"ठान्नु, धारण गर्नु"
astrologer,"ज्योतिषी"
atmosphere,"परिस्थिति, बाताबरण, वायु मण्डल"
attach,"नथ्थी गर्नु, जोड्नु, गाभ्नु"
attack,"जाई लाग्नु"
attempt,"प्र्यत्न, कोशिश"
authority,"अधिकार, प्राधिकार्, प्र्भुत्व"
authorization,"अधिकार"
available,"पाईनु"
back,"पछाडि"
bag,"झोला, थैलो"
bamboo,"बाँस"
bamboo shoot,"तामा"
ban,"मनाही, मनाई, प्र्तिबन्ध"
banana,"केरा"
base,"आधार, मुल, जग"
basis,"आधार, मुल, जग"
bask,"ताप्नु, सेक्नु"
bathe,"नुहाउनु"
bath,"नुहाउनु"
bazaar,"बजार"
be,"हुनु"
bear,"भालु"
beard,"दार्ही, दाढी"
bedroom,"सुत्ने कोठा"
beg,"माग्नु"
begin,"शुरु गर्नु, थाल्नु"
beginning,"आरम्भ, शुरु, थालनी"
behavior,"चालचलन, व्यवहार"
belief,"विश्वाश"
bell,"घंटी"
bicycle,"साइकल"
biology,"जिब-बिज्ञान, जिव्सास्त्र"
black market,"कालो बजार"
bloom,"फुल्नु"
boil,"उमाल्नु"
bone,"हाड"
book,"किताब, पुस्तक"
boredom,"दिक्क"
botany,"बनस्पति बिज्ञान"
bread,"रोटी"
break,"भाच्नु"
breath,"सास"
breathe,"सास फेर्नु"
bring,"ल्याउनु"
bring away,"लिएर जानु, लैजानु"
broadcast,"प्र्सारण गर्नु"
broken,"बिग्रिनु"
broom,"कुचो"
budget,"बजेट्, आयव्ययको हिसाब"
building,"भवन"
building Department,"भवन विभाग"
bus,"बस"
bush,"झाडी"
business,"व्यपार, कामकाज, व्यवसाय"
buy,"किन्नु"
cage,"खोर"
call,"बोलाउनु, डाक्नु"
can,"सक्नु"
capital sum,"साँउ, पुँजी"
capitalism,"पुँजीबाद"
capitalist,"पुँजीवाल, प्ँजीपति, धनीबर्ग"
car,"गाडि, मोटर"
care,"परवाह, जतन"
carpenter,"सिकर्मी"
carpet,"गलौंचा"
case,"मुद्दा, झगडा, खोल"
catch,"समात्नु"
cattle,"गाई वस्तु"
celebrate,"मनाउनु"
cement,"सिमेन्ट"
center,"केन्द्र्, बिच"
certificate,"प्र्माणपत्र"
chair,"मेच"
chairman,"अध्यक्ष, सभापती"
chance,"मौका, अवसर"
change,"परिवर्तन"
chat,"गफ गर्नु"
cheese,"चिज"
chemistry,"रसायन शास्त्र"
chicken,"कुखुरा"
chief,"नाईके, प्र्मुख, सरदार"
children,"केटाकेटी"
choice,"छनाई, रोजाई"
choose,"छान्नु, रोज्नु"
cigarette,"चुरोट"
cinema,"सिनेमा"
circumstances,"परिस्थिति, हाल, गति"
city,"शहर"
clash,"टक्कर, बिरोध"
clerk,"बहिदार"
cliff,"भिर"
climb,"चढ्नु"
close,"बन्दु गर्नु"
cloud,"बादल"
coat,"कोट"
code,"ऐन-सग्र्ह, ऐनको किताब"
coffee,"कफी"
collect,"बटुल्नु, संकलन गर्नु, जम्मा गर्नु"
color,"रङ्ग"
combine,"मिलाउनु, मिसाउनु"
come,"आउनु"
come out,"निक्लिनु"
commentary,"प्र्वचन, समीक्षा, टीका-टिप्पणी"
committee,"समिति"
communism,"साम्यबाद"
community,"समुदाय, समाज"
compare,"दाँज्नु, तुलना गर्नु"
comparison,"तलनाु, दजाई"
competition,"प्र्तियोगिता, प्र्तिस्पर्दा, होड"
complaint,"उजूर, उजूरी"
comply,"मान्नु, सहमत हुनु"
condition,"हालत, परिस्थिति, स्थिति, अवस्था"
conduct,"आचार, संचालन, चालचलन"
confidence,"बिश्वास, दृढता, पत्यार, भरोसा"
connection,"सम्बन्ध"
constituency,"निर्वाचन क्षेत्र, निर्बाचन मण्डल"
construction,"निर्माण"
consult,"सल्लाह लिनु, दिनु"
continent,"महादेश"
contract,"ठेक्का"
control,"कब्जा, नियन्त्रण"
convenience,"अनुकुल, सुबिधा"
convenient,"उचित, सुबिधाजनक"
convince,"मनाउनु, संदेह हटाउनु, सम्झाउनु"
cook,"पकाउनु"
cooked,"पाक्नु"
cooperation,"सहयोगिता, सहकारिता, समिती"
cooperative,"सहकारी, सहयोगी, साझा"
copy,"नक्कल"
copybook,"कापी"
corn,"मकै"
correct,"सुधार्नु, सच्याउनु"
correction,"संशोधन, भुल सुधार"
cost,"खर्च गर्नु, मोल"
cottage industry,"घरेलु, उघोग"
cottage,"झुपडी, झुप्रो"
shack,"झुपडी, झुप्रो"
cough,"खोकी"
council,"परिषद, समिति"
counsel,"सल्लाह दिनु, परामर्श दिनु"
count,"गन्नु"
country,"देश, मुलुक"
court,"अदालत"
courtyard,"आगँन"
cow-shed,"गोठ"
crab,"गङ्गटो"
creditor,"साहु, रिणदाता"
crop,"उब्जनी, उब्जाउ, अन्न"
crops,"बाली"
cry,"रुनु"
cultivated property,"खते-बारी"
cultivation,"खेतीे-पाती"
culture,"संस्कृती, रितिरिवाज"
cupboard,"दराज"
cured,"निको हुनु, बिषेक हुनु"
curiosity,"जिज्ञासा"
custom,"चलन, रितिरिवाज"
cut,"काट्नु"
dam,"बाँध"
damage,"खति, नोक्सान"
dance,"नाच्नु"
danger,"छुरी"
dark,"अँध्यारो, अन्धकार / (Color: गाडा)"
date,"मिति, गते, तारिख"
daughter-in-law,"बुहारी"
day,"दिन"
day-laborer,"ज्यामी, खेताला"
dear,"प्रिय, प्यारो"
debt,"कर्जा, रिण"
debtor,"रिणी, आसामी"
decentralization,"बिकेन्द्रिकरण"
decide,"तोक्नु, निस्चय गर्नु, निर्णय गर्नु"
decision,"निस्चय, निर्णय"
declare,"घोषणा गर्नु"
decorate,"सजाउनु, भूषित गर्नु, अलंकृत गर्नु"
decrease,"घट्नु, घटाउनु"
deer,"मृग"
demand,"माग्नु, मगाउनु, माग"
democracy,"प्र्जातन्त्र, लोकतन्त्र"
department,"बिभाग"
departure,"प्र्स्थान, बिदा"
depute,"खटाउनु"
description,"बयान, बिबरण"
desire,"इच्छा, रहर, मनसाय"
destruction,"नाश, नष्ट"
details,"बिबरण"
development,"बिकास"
diamond,"हीरा"
diarrhea,"दिसा"
die,"मर्नु"
difference,"अन्तर, फरक, भिन्नता"
dig,"खन्नु"
direct,"संचालन गर्नु"
director,"निर्देशक, संचालक"
discipline,"अनुशासन, नियम पालम, संयम"
disease,"रोग"
dismiss,"खारेज गर्नु, पदच्युत गर्नु"
dispatch,"चलानी"
display,"प्र्दर्शिन गर्नु"
dispute,"अबबाद, मतभदे"
dissent,"बिबाद, मतभेद"
distribute,"बाडनु, बितरण गर्नु"
district,"जिल्ला"
divide,"भाग गर्नु"
division,"भाग, बिभजन"
doctrine,"सिधान्त"
domesticate,"घरमा पाल्नु"
donation,"चन्दा"
doubt,"शंका"
draft,"मसौदा"
drink,"पिउनु"
drive,"चलाउनु, हाक्नु"
dropped,"खस्नु"
drought,"अनाबृष्टि, खडेरी"
duty,"कर्तब्य / (Tax: महशुल, कर)"
ear,"कान"
earn,"कमाउनु"
east,"पुर्व"
eat,"खानु"
economics,"अर्थ शास्त्र"
education,"शिक्षा"
effect,"प्र्भाब, असर"
effort,"कोशिश, प्र्यत्न"
egg,"फुल"
elect,"चुन्नु, छान्नु"
election,"निर्वाचन, चुनाव"
elephant,"हात्ती"
emerge,"निस्किनु, प्र्कट हुनु"
emergency,"संङ्कटकालिन, आपतकालिन"
employee,"कर्मचारी, नियोजित"
employment,"जागिर, नियोजन"
energy,"तागत, शक्ति"
engineer,"इञिनियर"
enlarge,"बढाउनु"
enough,"पुग्यो, पर्याप्त, प्र्शस्त, काफी"
entertainment,"आमोद प्र्मोद, मनोरञन"
entitlement,"हक"
entry,"दर्ता"
equipment,"मालसमान, औजार"
establish,"कायम गर्नु, स्थापित गर्नु"
estimate,"अनमानु, इस्टमेट, अन्दाज"
evaluate,"मुल्याङ्कन"
evaluation,"मुल्याङ्कन"
evening,"साँझ"
exam,"जाँच, परिक्षा"
examine,"जाँच्नु, परिक्षण गर्नु"
example,"नमुना, उदाहर"
exceed,"नाग्नु, फडकनु"
excess,"बढी"
excuse,"माफ गर्नु, क्षमा गर्नु"
exhibit,"प्र्दर्शन गर्नु"
exhibition,"प्र्दर्शनी"
expense,"खर्च"
experience,"अनुभव, जानकारी, अनुभूती"
expert,"विशेषज्ञ"
explain,"बुझाउनु, बयान गर्नु, ब्याख्या गर्नु"
explanation,"बयान, ब्याख्या"
export,"निकासी गर्नु, निर्यात गर्नु"
eye,"आँखा, नेत्र, लोचन"
fact,"वास्तब, त्थय"
factory,"कारखाना"
fair,"प्र्दर्शनी, भेला, सन्तोषदायक / स्वच्छ, इमान्दार"
faith,"विश्बाश, निष्ठा"
fall,"पर्नु, झर्नु, खस्नु"
famine,"अनिकाल, भोकमारी"
farmer,"खेतिवाल, किसान"
father,"बा, बुबा, बुवा, पिता"
fatigue,"थकाई, थकावट"
fee,"महशुल, दस्तुर"
feel,"लग्नु, छुनु, स्पर्श गर्नु, जाच्नु, अनुभब गर्नु"
feel like,"मन लाग्नु"
feeling,"भावना, विचार"
fence,"बार"
fertilizer,"मल"
field,"खेत"
field trip,"भ्रमण"
fill,"भर्नु"
financier,"पुँजीपती, बित्त-ब्यवस्थापक"
find,"पाउनु"
firewood,"दाउरा"
fish,"माछा"
fish pond,"माछा पोखरी"
floor,"तला"
flour,"पिठो"
flower,"फूल"
follow,"अपनाउनु, मान्नु"
food,"खाना, खाने कुरा"
forbid,"मानाई गर्नु, निषेध गर्नु"
foreign country,"परदशे, बिदेश"
foreigner,"बिदेशी, परदेशी"
foreman,"नाईके"
forest,"वन, जङ्गल"
forget,"बिर्सनु"
fork,"काँटा"
form,"रूप, फारम, आकार, आकृति"
found,"रहनु, पाउनु"
friday,"शुक्रबार"
friend,"साथी, मित्र, संगि"
friendship,"मित्रता"
frog,"भ्यागुतो"
frost,"तुसारो"
fruit,"फलफुल"
frustration,"नैराश्य"
function,"चालु हुनु, कार्य सम्पादन गर्नु, चल्नु"
future,"भविश्य"
game,"खेल"
gap,"अन्तर, खालि"
gate,"ढोका"
gather,"जम्मा गर्नु, बटुल्नु"
gathering,"जमघटभेला"
gender,"लिङ्ग"
gentleman,"भलादमी मानिस"
geography,"भुगोल"
germinate,"पैदा हुनु, टुसाउनु, अंकुरण हुनु"
gesture,"संकेत"
get,"पाउनु"
gift,"दान, उपहार, भेटी, कोशेली"
give,"दिनु"
give up,"छोड्नु, त्याग्नु"
glass,"शिशा"
go,"जानु"
goal,"उदेश्य, लक्ष्य"
god,"भगवान, इश्वर"
god family,"कुलदेवता"
goddess,"देवी"
gold,"सुन"
goods,"माल, मालसामान, चिजबिज"
government,"सरकार"
grab,"समात्नु, पक्र्नु"
grain,"अनाज, अन्न"
grandfather,"हजुरबा, बाजे"
grandmother,"हजुरआमा, बज्यै"
grant,"अनुदान, वृत्ति"
grass,"घाँस"
graze,"चराउनु"
growth,"बृद्धि"
guard,"पाले"
guess,"अनुमान, अन्दाज"
guest,"पाहुना, पाउना"
guidance,"मार्ग निर्देश्न"
habit,"बानी"
hail,"असिना"
hair,"कपाल"
half,"साढे"
hand,"हात"
harm,"नोक्सान, खति"
head,"टाउको"
headman,"मुखीया"
headquarters,"सदर-मुकाम"
health,"स्वास्थ्य"
hear,"सुन्नु"
heat,"ताप"
heaven,"स्वर्ग"
height,"उचाई"
help,"मदत गर्नु, सगाउनु"
highway,"सडक (ठुलो)"
himalaya,"हिमाल"
hint,"सङ्केत"
hire,"भाडा"
historical,"ऐतिहासिक"
history,"इतिहास"
hold,"समात्नु"
holiday,"बिदा, छुट्टी"
home,"घर"
homeland,"स्वदेश"
honor,"इज्जत, सम्मान"
hope,"आशा"
hospital,"अस्पताल, चिकित्सालय / (Maternity: प्र्सुती गृह)"
hour,"घण्टा"
house,"घर"
housework,"घरको काम, गृहकार्य"
human being,"मानव-जाती"
hundred,"सय"
hunger,"भोक"
hurry,"हत्तपत्त, हतार"
idea,"राय, बिचार"
ignorance,"अज्ञान, अनजान"
importance,"महत्व"
improve,"सुधार्नु, उन्नती गर्नु, सपार्नु"
improvement,"सुधार, उन्न्ती, सपारिएको"
include,"समावेश गर्नु"
income,"आम्दानी, आय"
income tax,"आय कर"
increase,"बढनु"
indicate,"निर्देश गर्नु, देखाउनु, सङ्केत गर्नु"
individual,"व्यक्ति"
industry,"उद्धोग, परिश्रम"
influence,"प्र्भाब"
information,"सुचना"
injection,"सुइ"
ink,"मसी"
inspect,"परिदर्शन गर्नु, निरिक्षण गर्नु, जाँच गर्नु"
inspection,"परिदर्शन, निरिक्षण, जाँच, सर्बेक्षण"
inspector,"निरिक्षक, प्र्शिक्षक"
institution,"संस्था"
insult,"बेइज्जती, अपमान"
intention,"इरादा, मतलब, मनशाय, अभिप्राय"
interest,"ब्याज"
interim,"अन्तरिम"
interview,"अन्तरवार्ता"
introduction,"परिचय, भूमिका, प्र्स्तावन"
invite,"डाकनु, बोलाउनु, निम्ता गर्नु"
iron,"फलाम"
irrigate,"पानी लगाउनु, सिँचाई गर्नु"
irrigation,"सिँचाई"
irrigation ditch,"कूलो"
item,"दफा, रकम, एक -एक कलम"
jacket,"ज्याकेट"
jail,"झ्यालखाना"
job,"काम, जागिर, ब्यबसाय"
join,"जोड्नु"
journey,"यात्रा, भ्रमण, सफर"
judge,"न्यायाधिस"
judgment,"न्याय, इन्साफ, अदालतको फैसला"
jump,"उफ्र्नु"
justice,"न्याय, इन्साफ"
kerosene,"मट्टितेल"
kind,"किसिम, थोक, प्रकार"
kingdom,"अधिराज्य"
kitchen,"भान्सा, भान्चा"
knowledge,"ज्ञान"
labor,"श्रम"
lake,"ताल"
land,"जमीन, जग्गा"
land reform,"भूमी सुधार"
landless,"सुकुम्बासी"
landowner,"जमिन्दार"
language,"भाषा"
laugh,"हास्नु"
law,"ऐन, कानुन"
lawsuit,"मुद्दा"
layer,"तह"
lead,"सिसा, परिचालन"
leader,"नाईके, नेता, मार्ग-दर्शक"
leadership,"नेतृत्व"
leaf,"पात"
learn,"सिक्नु"
leather,"छाला"
leave,"छोड्नु, छुट्टि, बिदा"
lecture,"प्र्वचन, ब्याख्यान"
left over,"उब्रि्नु, बाकी"
legal code,"मुलुकी ऐन"
leisure,"फुर्सद, फुर्सत"
lesson,"पाठ, शिक्ष, उपदेश"
letter,"चिट्ठी, पत्र् / (Alphabet: अक्षर)"
level,"स्तर, श्रेणी"
library,"पुस्तकालय"
license,"अनुमति, अनुमतिपत्र्, लाईसेन्स"
life,"जीवन"
lift,"उचाल्नु, उठाउनु"
light,"उज्यालो / (Color: फिक्का)"
like,"मन पर्नु / जस्तो, जस्तै"
lime,"कागती"
link,"सम्बन्ध्, जोर्नी"
liquor,"रकसी"
list,"सूची, सूचिपत्र्, तपसील"
listen,"सुन्नु"
literature,"साहित्य"
living standard,"हैसियत, स्तर"
load,"भारी"
look,"हेर्नु"
loom,"तान्"
loss,"खती, नोक्सान"
love,"माया गर्नु"
love-talk,"प्रेम-वार्ता"
machine,"कल, यन्त्र्"
magazine,"पत्रिका"
magician,"जादुगर, चटकी"
maintenance,"पालन पोषण, जिविका, प्र्तिपालन, जीविका"
majority,"अधिकांश, बहुमत, बहुसंख्या"
make,"बनाउनु"
malaria,"औलजरो, औलो"
male,"भाले / (Human: लोग्ने मान्छे)"
management,"बन्दोबस्त, व्यवस्था"
manner,"ढंग, शिष्टाचार, चलन, चालचलन"
manure,"मल"
map,"नक्शा"
mars,"मङ्गल"
math,"हिसाब"
matter,"पदार्थ"
meaning,"मतलब, माने"
means,"उपाय"
measurement,"नाप"
meat,"मासु"
mechanic,"मिस्त्री, कालीगढ"
medicine,"औषधि, ओखती"
meet,"भेट्नु"
meeting,"बैठक, जमघाट, गोष्ठी, भेट"
member,"सदस्य"
membership,"सदस्यता"
memorize,"याद गर्नु, सम्झनु"
mentality,"स्वभाब, मनोबृत्ति, मानसिक शक्त्ति"
method,"उपाय, ढंङ्ग, तरिका, प्र्णाली"
middle,"माझ, बीच"
military,"सैनिक, सेना"
milk,"दूध"
millionaire,"लखपती"
mind,"मन, दिल, चित्त"
minister,"मन्त्री"
ministry,"मन्त्रालय"
miser,"कंजुस, कञ्जुस, चुय्याँ, कृपण, लोभी"
mix,"मिसाउनु"
model,"आदर्श, नमुना"
moment,"छिन, क्षण"
monday,"सोमबार"
monkey,"बाँदर"
monsoon,"बर्सात, बर्षा"
month,"महिना"
morning,"बिहान"
mother,"आमा, मुमा"
mountain,"पाहाड"
mouth,"मुख"
move,"चल्नु"
mr,"श्रिमान, माहासाय"
mrs,"श्रिमति"
multiplication,"गुणन"
mustard,"तोरी"
nail,"कीला"
name,"नाम"
nature,"प्रकृती / (Character: स्वभाब)"
need,"चाहिनु, आवश्यक हुनु"
needed,"चाहिनु, आवश्यक हुनु"
news,"खबर, समाचार"
newspaper,"अखबार, पत्रपत्रिका"
night,"राती"
noise,"हल्ला"
north,"उत्तर"
nose,"नाक"
notice,"सुचना"
notice board,"सुचना पाटी"
novel,"उपन्यास"
obey,"मान्नु"
occupation,"कामकाज, वृत्ति, पेशा, इलम"
offering,"प्र्साद, बलि, भेटी, नैबेध"
office,"कार्यलय"
officer,"अधिकारी, कर्मचारी"
open,"खोलनु"
opinion,"बुचार, राय"
opponent,"बुरोधी"
opportunity,"मौका"
opposition,"प्र्तियोग, बिरोध, बिपक्षता, बैरभाब"
orange,"सुन्तला"
order,"हुकुम, आज्ञा, आदेश"
ordinance,"अध्यादेश, रिती, नियम, बिशेष आज्ञा"
organization,"संस्था, संगठन"
organizer,"आयोजक, ब्यबस्थापक"
outside,"बाहिर"
overcome,"विजयी हुनु, दनन गर्नु"
pack,"पोको, भारी, कुम्लो, बट्टा"
paper,"कागत, कागज"
pardon,"माफ गर्नु"
parents,"बा-आमा"
part,"भाग, खण्ड, हिस्सा"
partnership,"साझेदार, हिस्सेदार, महभागिता"
party,"भोज / (Political: दल, पक्ष)"
pay,"तिर्नु, तलब, ज्याला, पारिश्रामिक"
peace,"शान्ति"
peace corps,"शान्ति सेना"
peasant,"किसान, खेतिवाल"
pen,"कलम"
people,"जनताह्रु, लोक, जन, प्र्जा"
pepper,"खुर्सानी"
percent,"प्र्तिशत"
permission,"अनुमती"
person,"मान्छे, मानिस"
persuade,"मनाउनु, विश्वास गराउनु, भ्रम हटाइनु"
petition,"दरखास्त, अर्जी, बिन्तिपत्र"
physics,"भौतिक शास्त्र्"
picture,"नक्शा, तस्वीर"
piece,"भाग, हिस्सा, टुक्रा, प्रवन्ध रचना"
pineapple,"भुईकटहर"
place,"स्थान, ठाउँ"
plan,"उपाय, अभिप्राय, योजना"
planet,"ग्र्ह, नक्षत्र"
plant,"बिरुवा, बोट"
play,"खेल्नु, बजाउनु"
playing field,"मैदान"
please,"कृपया"
plenty,"प्र्शस्त"
plough,"जोत्नु"
pocket,"बगली, खल्ती"
policy,"नीति"
political science,"राजनीति शास्त्र्"
politics,"राजनीति"
population,"जनसंख्या"
position,"स्थान, पद, अबस्था"
post office,"हुलाक"
postman,"हुलाकी"
potato,"आलु"
power,"सामर्थ्य, शक्ति, क्षम्ता, बल, तेज"
practice,"अभ्यास, प्र्था, ब्यवहार"
practise,"मान्नु, अभ्यास गर्नु"
present,"प्र्स्तुत गर्नु, पेश गर्नु, हाजिर हुनु"
president,"राष्ट्र्पति"
prestige,"इज्जत, शान, प्र्तिष्ठा"
price,"मोल, मलयू, भाउ"
pride,"धमण्ड, गर्ब, अहंकार"
prime minister,"प्र्धान-मन्त्री"
principle,"नियम, सूत्र्, सिधान्त"
priority,"प्राथमिकता"
problem,"समस्या"
procedure,"संचालन गर्ने तरिका, व्याबहार, कार्य-बिधि"
profession,"बृत्ती, पेशा"
profit,"मुनाफा, नाफा, लाभ"
program,"कार्यक्रम"
progress,"प्र्गती, उन्नती"
prohibit,"मनाई, निषेध, प्र्तिबन्ध"
prohibition,"मनाही, निषेध्, प्रतिबन्ध"
project,"योजना"
promise,"प्र्तिज्ञा गर्नु, कबूल गर्नु"
promotion,"बढुवा, उन्नती, श्रेष्ठ पद पाउनु"
proof,"प्र्माण"
property,"मालसामान, सम्प्ती"
proposal,"प्र्स्ताब"
protect,"सुरक्षा गर्नु, संरक्षित राख्नु, रक्षा गर्नु"
protection,"संरक्षिता, रक्षा"
protest,"प्र्तिवद, बिरोध"
public,"सामान्यजन, प्र्ज्ञा, जनता"
public health,"जनव्वास्थ्य"
public service,"लोकसेवा"
publicity,"प्र्चार, प्र्सार"
pull,"तान्नु, उखेल्नु"
punishment,"सजाय, दण्ड"
pupil,"छात्र्"
purchase,"खरीद"
purpose,"मक्सद, मनसाय, आसय, अभिप्राय"
put,"राख्नु / लगाउनु"
qualification,"योेयता"
quality,"गुण"
quarter,"सवा"
quarter to,"पौने"
question,"प्र्श्न"
questionnaire,"प्र्श्नवली"
quiet,"चुप लाग्नु"
quit,"छोड्नु"
quota,"कोटा, दरबन्दी"
radio,"रेडियो"
rain,"पानी पर्नु"
raincoat,"बर्षदी"
raksi,"रक्सी"
rank,"पद, मान"
rate,"दर, गति, भाउ"
ratification,"समर्थन, अनुमोदन"
reach,"पुग्नु, बिस्तृत हुनु"
reaction,"प्र्तिकृया"
read,"पढ्नु"
real,"खास, वस्तबिक"
reality,"सत्यता, वास्तबिकता"
realization,"महसूस"
realize,"अनुबव गर्नु, महसूस गर्नु"
receipt,"रसिद"
receive,"पाउनु"
recognize,"चिन्नु"
recommendation,"सिफारिस"
reconcile,"मिलाउनु, मेलमिलाप गर्नु, पुनर्मेल गर्नु"
reform,"सुधार / सुधार्नु"
region,"इलाका, क्षेत्र"
relation,"नाता, सम्बन्ध"
relationship,"सम्बन्ध"
religion,"धर्म"
remain,"रहनु"
remember,"याद गर्नु, सम्झनु"
remind,"सम्झाउनु"
remove,"हटाउनु"
rent,"महशुल, भाडा"
repair,"मरमत गर्नु"
replace,"बदली गर्नु"
replacement,"बदली"
reply,"जवाफ, उत्तर"
representative,"प्र्तिनिधी"
request,"बिन्ति, अनुरोध, निवेदन"
research,"अनुसन्धान"
resources,"साधन, उपाय"
respect,"मान्नु, आदर गर्नु, सत्कार गर्नु, मान, अभिबादन, सम्मान, इज्जत"
responsibility,"जिम्मा, जिम्मेवरी, दायित्व"
rest,"आराम गर्नु"
restore,"जस्ताको त्यस्तो पार्नु, पुनःस्थान गर्नु"
result,"परिणाम, नतिजा, फल"
return,"फिर्ता, फर्कनु, फर्किनु"
review,"फेरि हेर्नु, पुनर्बिचार गर्नु"
revise,"दोहोराउनु, आबृत्ति गर्नु"
revision,"संशोधन, दोह्र्याउने काम"
rhinoceros,"गैंडा"
right,"अधिकार, हक"
ring,"बज्नु, बजाउनु"
ripen,"पाक्नु"
river,"नदी"
road,"सडक, बाटो, मागि"
rock,"ढुङ्गा"
roof,"छानु, छाना"
room,"कोठा"
routine,"कार्यक्र्म, रुटिन, दिनचर्या, नित्यकर्मको ब्यब्स्था"
rudiment,"मूलसुत्र, सुत्रपात, आरम्भ, मूल तत्व"
rule,"नियम"
run,"कुदनु, दगुर्नु, बग्नु, भाग्नु / संचालन गर्नु, चलाउनु"
rupee,"रुपिया"
sack,"बोरा"
sadness,"दु:ख"
salary,"तलब"
sale,"बिक्रि"
salt,"नुन"
sample,"नमनाु"
satisfaction,"सन्तोष, सन्तोक"
saturday,"शनिवार"
saturn,"शनि"
save,"बचाउनु, संचय गर्नु, जोगाउनु"
say,"भन्नु"
science,"बिज्ञान"
scissors,"कैंची"
scold,"गालि गर्नु, हपार्नु"
search,"खोज्नु"
secret,"गुप्ती, गुप्त, गोप्य"
secretary,"सचिब"
section,"फांट"
see,"देख्नु"
seed,"बिउ"
seedling,"बिरुवा"
selection,"छानबीन, रोजाई"
selfishness,"स्वार्थ बुद्धी, स्वार्थिपन"
self respect,"आत्मबिशवास"
sell,"बेच्नु"
send back,"फर्काउनु"
service,"नोकरी, सेवा"
settle,"बसोबास गर्नु"
sewing,"सिलाई"
shirt,"कमिज"
shoe,"जुत्ता"
shop,"पसल"
show,"देखाउनु, प्र्दर्शन"
signature,"सही"
silver,"चाँदी"
sing,"गाउनु"
sir,"साहेब / (Business letter: महोदय)"
sitar,"सितार"
situation,"स्थिति, अवस्था, हालत"
skill,"थसप, सिप, दक्षता, सिपालुपन, चातुर्य"
skin,"छाला"
sleep,"सुत्नु"
slip,"चिप्लिनु"
smallpox,"बिफर"
snack,"खाजा"
snatch,"खोस्नु"
snow,"हिउँ"
society,"समाज"
sociology,"समाज-शास्त्र्"
socks,"मोजा"
soil,"माटो"
soldier,"सैनिक"
sorrow,"करुण, दुःखद"
sound,"आवाज"
source,"श्रोत"
south,"दिघण"
sow,"छर्नु"
sparkle,"जगमग, झल्कनु, टल्कनु"
speak,"बोल्नु"
speak with,"कुरा गर्नु"
specially,"विशेषगरेर"
speech,"प्र्वचन, भाषण"
speed,"गति"
spend,"खर्च गर्नु"
spike,"कीला, तिखो काँडा"
spoon,"चम्चा"
sport,"खेलकुद"
staff,"कर्मचारी, कार्यकर्ता"
stake,"काठको किला"
stamp,"टिकट / (Office seal: छाप)"
start,"थाल्नु, शुरु गर्नु"
state,"मुलूक, राज्य"
statistics,"तथ्याङ्क"
statue,"मुर्ति"
stipend,"भत्ता"
stir,"चलाउनु"
stomach,"पेट"
stone,"ढुङ्गा"
store,"पसल"
story,"कथा"
strength,"बल, ताकत, सामर्थ्य"
student,"बिध्यार्थी"
hostel,"छात्र्बास"
study,"पढ्नु, अध्यन गर्नु"
submit,"पेश गर्नु"
subsidy,"अनदानु, आर्थिक सहायता"
subtract,"घटाउनु"
subtraction,"घटाउ"
sugar,"चिनी"
suggestion,"सुझाव, प्र्स्ताब"
summon,"डाक्नु, समन गर्नु, आह्ववान गर्नु"
sun,"सुर्य"
sunday,"आइतवार"
sunshine,"घाम"
sunlight,"घाम"
superstition,"कुरुती, अन्धविश्वास, रुढिबादी"
supervise,"रेखदेख गर्नु"
supervision,"निर्देशन"
support,"समर्थन, आधार, पालन-पोषण"
surplus,"बढ्ता, बाँकी रहेको कुरा"
survey,"नापजांच, नापी, सर्बेक्षण"
suspicion,"शंका"
sweep,"बडार्नु, बढार्नु"
swim,"पौडी खेल्ने"
swing,"पिङ्ग"
symbol,"संकेत, इशारा, चिन्ह"
table,"टेबुल"
talk,"कुरा गर्नु"
taste,"स्वाद"
tax,"कर, कर लगाउनु"
tea,"चिया"
teach,"सिकाउनु, पढाउनु"
teacher,"शिक्षक, गुरु"
technician,"प्राबिधिकज्ञ"
tell,"भन्नु"
temple,"मन्दिर"
test,"जांच"
thing,"कुरा, चिज"
things,"चिजबिज"
think,"सोच्नु, विचार गर्नु"
thirst,"तिर्खा"
thought,"विचार"
thousand,"हजार"
throat,"घाँटी"
thursday,"बिहिबार"
ticket,"टिकट"
tika,"टिका"
time,"बेला, समय, बखत, काल / पटक, पल्ट, चोटी"
tired,"थाक्नु"
tobacco,"तमाखु, सुर्ती"
tools,"औजार"
tooth,"दाँत"
total,"जम्मा"
tour,"भ्र्मण"
tourist,"पर्यटक, टुरिस्ट"
trade,"व्यापार"
tragedy,"बियोग"
training,"तालिम"
transfer,"सर्नु, सरुवा गर्नु"
translation,"अनुबाद, उल्था"
transportation,"यातायात"
travel,"घुम्नु, यात्रा गर्नु, सफर गर्नु"
tree,"रुख, बोट"
trouble,"तकलिफ, दुःख"
truth,"सत्यता"
try,"कोशिश गर्नु"
tuesday,"मङ्गलबार"
turn,"पालो"
turtle,"कछुवा"
type,"थोक, किसिम, प्र्कार, खाल"
umbrella,"छाता"
unanimity,"एकमतता, सर्वसम्मति, एकमत, मतैक्य"
unification,"एकिकरण"
unit,"एकाई"
united Nations,"संयुत्त राष्ट्र् संघ"
unity,"एकता"
universe,"बिश्व"
university,"बिश्वबिधालय"
usage,"प्र्योग, व्यबहार"
use,"प्र्योग, चलन"
usefulness,"उपयोगिता, उपकारिता"
utensil,"भाँडा कुंडा"
utility,"उपयोगी, उपयुत्त, उपयोगिता"
vacancy,"रिक्त्त स्थान"
vacation,"बिदा, छुट्टी"
value,"मुल्य"
vegetable garden,"साग-बारि, तर्कारी बारी"
venus,"शुक्र्"
village,"गाउँ"
visit,"दशर्न गर्नु"
voluntary labor,"श्र्मदान"
wait,"पर्खनु, पर्खिनु"
walk,"हिड्नु, हिडेर जानु"
want,"चाहनु"
warehouse,"गोदाम"
wash,"धुनु, माझ्नु"
watch,"घडी, हेर्नु"
watchman,"पाले"
water,"पानी"
water hole,"कूवा"
water pipe,"नली"
water resources,"जल श्रोत"
water supply,"खाने पानी बितरण"
watershed,"जलाधार"
way,"उपाय"
wealth,"सम्पती"
wear,"लगाउनु, लाउनु"
weather,"मौसम"
wednesday,"बुधबार"
weight,"तौल"
well,"इनार"
west,"परिश्र्म"
wheat,"गहुँ"
window,"झ्याल"
work,"काम, कार्य, काम गर्नु"
worker,"कार्यकर्ता, कामदार"
world,"संसार, लोक"
worry,"पिर"
worship,"पुजा गर्नु"
writer,"लेखक"
yak,"याक, चौरी"
year,"बर्ष, साल"
yogurt,"दहि"
youth,"जवान"
zonal commissioner,"अञ्चलाधिश"
zone,"अञ्चल"
zoology,"प्राणी-बिज्ञान"